ID,Title,Content,Excerpt,Date,"Post Type",Permalink,"Image URL","Image Title","Image Caption","Image Description","Image Alt Text","Image Featured","Attachment URL",Categories,Tags,Status,"Author ID","Author Username","Author Email","Author First Name","Author Last Name",Slug,Format,Template,Parent,"Parent Slug",Order,"Comment Status","Ping Status","Post Modified Date"
1514,"Harga Kambing Qurban di Gresik Murah & Terbaik!!","<!-- wp:paragraph -->
<p>Anda sudah berada di situs yang tepat bila saat ini Anda sedang mencari dan membutuhkan hewan Qurban di Gresik dengan kualitas terbaik. Kami menyediakan hewan Qurban yaitu Kambing atau Domba yang diperoleh langsung dari peternak, oleh karena itu harga yang kami tawarkan lebih terjangkau dan murah namun kualitasnya tentu tidak murahan. Tidak lama lagi, Idul Adha akan segera tiba, dan seperti yang Anda ketahui bahwa pada hari itu umat muslim di seluruh dunia melaksanakan ibadah haji dan jika belum berkesempatan untuk menunaikan ibadah haji, maka disunnahkan untuk melaksanakan ibadah Qurban bagi yang mampu.</p>
<!-- /wp:paragraph -->

<!-- wp:gallery {""linkTo"":""none""} -->
<figure class=""wp-block-gallery has-nested-images columns-default is-cropped""><!-- wp:image {""id"":985,""sizeSlug"":""large"",""linkDestination"":""none""} -->
<figure class=""wp-block-image size-large""><img src=""https://1.bp.blogspot.com/-meW5VIHEBKk/X_wl4VVH6sI/AAAAAAAAAB0/Rm1PvSOJLiUvQ1AhNO-llA99o81EUMA4wCLcBGAsYHQ/s889/jual%2Bkambing%2Bgarut%2Blangsung%2Bpeternak%2Bmurah%2B3.jpg"" alt="""" class=""wp-image-985""/></figure>
<!-- /wp:image -->

<!-- wp:image {""id"":972,""sizeSlug"":""large"",""linkDestination"":""none""} -->
<figure class=""wp-block-image size-large""><img src=""https://1.bp.blogspot.com/-zFs565CpeCc/X_wxyomupKI/AAAAAAAAADw/oVo-FSO-z30c72sf5pL7BiS1toHOHDAeACLcBGAsYHQ/s700/jual%2Bkambing%2Bjawa%2Brandu%2Blangsung%2Bpeternak%2Bmurah%2B3.jpg"" alt="""" class=""wp-image-972""/></figure>
<!-- /wp:image -->

<!-- wp:image {""id"":963,""sizeSlug"":""large"",""linkDestination"":""none""} -->
<figure class=""wp-block-image size-large""><img src=""https://1.bp.blogspot.com/-vKG9VCYRcNI/X_wx0vsxwKI/AAAAAAAAAD8/KFTZOrm7_KktQAHLqwib_kXJDX9OsKpjwCLcBGAsYHQ/s1280/jual%2Bkambing%2Bjawa%2Brandu%2Blangsung%2Bpeternak%2Bmurah%2B4.jpg"" alt="""" class=""wp-image-963""/></figure>
<!-- /wp:image --></figure>
<!-- /wp:gallery -->

<!-- wp:paragraph -->
<p>Pada dasarnya seperti yang telah Anda ketahui bahwa banyak sekali fadhilah atau keutamaan dari ibadah Qurban seperti yang telah disebutkan dalam hadits - hadits nabawi diantaranya adalah ampunan dari Allah, serta sarana mendapatkan keridhoan dari Allah dan tanda keislamannya. Anda dapat langsung menghubungi kami pada kontak yang ada jika membutuhkan informasi lebih lengkap seputar hewan Qurban yang kami tawarkan di Gresik. Kunjungi website resmi kami: <em><a href=""https://kandangkondang.id/kambing-qurban-gresik"">https://kandangkondang.id/kambing-qurban-gresik</a></em></p>
<!-- /wp:paragraph -->

<!-- wp:heading -->
<h2>Kriteria Kambing Qurban yang Baik</h2>
<!-- /wp:heading -->

<!-- wp:paragraph -->
<p>Sebelum Anda membeli hewan Qurban terutama <a href=""https://id.wikipedia.org/wiki/Kambing_liar"">Kambing</a> atau Domba di Gresik, ada baiknya Anda memahami terlebih dahulu beberapa kriteria atau syarat untuk mengetahui apakah hewan tersebut cocok untuk dijadikan hewan Qurban atau belum. Inilah beberapa syarat ataupun kriteria dari kelayakan Kambing maupun Domba yang akan diqurbankan ;</p>
<!-- /wp:paragraph -->

<!-- wp:image {""align"":""wide"",""id"":3591,""sizeSlug"":""large"",""linkDestination"":""none""} -->
<figure class=""wp-block-image alignwide size-large""><img src=""https://1.bp.blogspot.com/-3c9OIuhzZ0U/YH-rxbUcotI/AAAAAAAAAMA/7rf3UvyaJNgEiWaRFoaHWUlPvgnYhyKDQCLcBGAsYHQ/s1024/Hewan%2BQurban%2BSehat.jpg"" alt="""" class=""wp-image-3591""/></figure>
<!-- /wp:image -->

<!-- wp:columns -->
<div class=""wp-block-columns""><!-- wp:column -->
<div class=""wp-block-column""><!-- wp:heading {""level"":4} -->
<h4>Termasuk Hewan Ternak</h4>
<!-- /wp:heading -->

<!-- wp:paragraph -->
<p>Sudah tertulis jelas dalam QS. Al Hajj ayat 34 yang bunyinya, “Dan bagi tiap – tiap umat telah Kami syariatkan penyembelihan (Qurban), supaya mereka menyebut nama Allah terhadap bahimatul an’am (binatang ternak) yang telah direzekikan Allah kepada mereka”. Maka dengan begitu, hewan Qurban tanpa terkecuali Kambing atau Domba haruslah hasil dari ternak sendiri atau juga bisa melalui jual beli yang sah.</p>
<!-- /wp:paragraph --></div>
<!-- /wp:column -->

<!-- wp:column -->
<div class=""wp-block-column""><!-- wp:heading {""level"":4} -->
<h4>Usia Hewan</h4>
<!-- /wp:heading -->

<!-- wp:paragraph -->
<p>Pastikan dan jangan ragu untuk menanyakan apakah hewan tersebut sudah cukup umur untuk diqurbankan atau disembelih, hal tersebut bisa dilihat dari tumbuhnya sepasang gigi tetap. Usia yang dianjurkan untuk <a href=""ftp://ftp.fao.org/docrep/fao/009/a0540t/a0540t06.pdf"">kambing</a> yaitu berusia 1 tahun dan telah memasuki tahun ke dua, sedangkan untuk domba yaitu minimal berusia diatas 1 tahun.</p>
<!-- /wp:paragraph --></div>
<!-- /wp:column -->

<!-- wp:column -->
<div class=""wp-block-column""><!-- wp:heading {""level"":4} -->
<h4>Kondisi Hewan</h4>
<!-- /wp:heading -->

<!-- wp:paragraph -->
<p>Pastikan juga hewan yang akan Anda Qurbankan adalah hewan yang sehat dan bebas dari cacat, aib, hingga penyakit lainnya, dan usahakan untuk <a href=""https://missdramatic.com/2017/11/14/bilal-abbas-khan-iqra-aziz-drama-qurbaan-is-about-controversial-topic-of-forced-second-nikkah/"">berqurban</a> dengan hewan yang gemuk. Ada beberapa ciri - ciri Domba yang disukai oleh Nabi Muhammad SAW yaitu Domba jantak yang bertanduk, lalu warna putih bercampur dengan hitam pada sekitar mata, dan kaki tangannya.</p>
<!-- /wp:paragraph --></div>
<!-- /wp:column --></div>
<!-- /wp:columns -->

<!-- wp:heading -->
<h2>Harga Kambing / Domba Qurban di Gresik</h2>
<!-- /wp:heading -->

<!-- wp:gallery {""columns"":2,""linkTo"":""none""} -->
<figure class=""wp-block-gallery has-nested-images columns-2 is-cropped""><!-- wp:image {""id"":985,""sizeSlug"":""large"",""linkDestination"":""none""} -->
<figure class=""wp-block-image size-large""><img src=""https://1.bp.blogspot.com/-xoVhbpbE45c/YH-mH0EH3-I/AAAAAAAAALg/FpOHleZdAhcN3r5ALw4MvG7Kn46NHoaRgCLcBGAsYHQ/s1280/jual%2Bkambing%2Bqurban%2Bmurah%2B9.jpg"" alt="""" class=""wp-image-985""/></figure>
<!-- /wp:image -->

<!-- wp:image {""id"":972,""sizeSlug"":""large"",""linkDestination"":""none""} -->
<figure class=""wp-block-image size-large""><img src=""https://1.bp.blogspot.com/-qBtZeWqu1ck/YH-mBbuqQsI/AAAAAAAAAKA/I7Gkz4xzgeEuSkw4LyHIqPgxAjgjN2zdACLcBGAsYHQ/s900/jual%2Bkambing%2Bqurban%2Bmurah%2B17.jpg"" alt="""" class=""wp-image-972""/></figure>
<!-- /wp:image -->

<!-- wp:image {""id"":963,""sizeSlug"":""large"",""linkDestination"":""none""} -->
<figure class=""wp-block-image size-large""><img src=""https://1.bp.blogspot.com/-gY4j2YFG-Jw/X_wlon3E7DI/AAAAAAAAABg/pnazmbsWKu81G-EJUQ8My-P9OiNxubYPgCLcBGAsYHQ/s627/jual%2Bkambing%2Betawa%2Blangsung%2Bpeternak%2Bmurah%2B5.png"" alt="""" class=""wp-image-963""/></figure>
<!-- /wp:image --></figure>
<!-- /wp:gallery -->

<!-- wp:paragraph -->
<p>Kami menyediakan <a href=""https://id.wikipedia.org/wiki/Kambing#:~:text=Kambing%20merupakan%20binatang%20memamah%20biak%20yang%20berukuran%20sedang.&amp;text=Panjang%20tubuh%20kambing%20liar%2C%20tidak,jantan%20bisa%20mencapai%20120%20kilogram."">Kambing</a> atau Domba hewan Qurban di Gresik yang tersedia dalam beberapa macam jenis, usia, dan berat yang dapat Anda pilih sesuai dengan kebutuhan. Selain itu, Kambing atau Domba yang kami tawarkan juga terjamin kualitasnya karena sudah tentu dirawat dengan baik, jadi Anda tidak perlu khawatir perihal kualitas yang kami berikan. Sementara itu, harga dari Kambing atau Domba untuk <a href=""https://en.wikipedia.org/wiki/Qurban"">Qurban</a> yang kami tawarkan di Gresik adalah beragam, tergantung dari jenis, usia, dan berat yang Anda pilih.</p>
<!-- /wp:paragraph -->

<!-- wp:heading {""level"":3} -->
<h3>Daftar Kambing Qurban yang Kami Sediakan</h3>
<!-- /wp:heading -->

<!-- wp:paragraph -->
<p>Dengan harga yang terjangkau dan bersaing, kami akan memastikan Anda mendapatkan Kambing atau Domba dengan kualitas terbaik dan premium. Untuk informasi lebih lengkap mengenai harga, dan kondisi Kambing atau Domba yang kami tawarkan, Anda bisa langsung menghubungi kami pada kontak yang tersedia sekarang juga. Kandangkondang.id hadir untuk Anda dan siap melayani serta membantu kebutuhan Anda perihal Kambing / Domba untuk hewan Qurban di wilayah Gresik dan sekitarnya.</p>
<!-- /wp:paragraph -->

<!-- wp:html -->
<center><iframe title=""YouTube video player"" src=""https://www.youtube.com/embed/IS7Z13kf7rA"" width=""560"" height=""315"" frameborder=""0"" allowfullscreen=""allowfullscreen""></iframe></center>
<!-- /wp:html -->",,2020-06-23,post,https://oxygen-qmthktbmh9dml.oxygen-demo.qsandbox.me/kambing-qurban-gresik/,https://1.bp.blogspot.com/-zFs565CpeCc/X_wxyomupKI/AAAAAAAAADw/oVo-FSO-z30c72sf5pL7BiS1toHOHDAeACLcBGAsYHQ/s700/jual%2Bkambing%2Bjawa%2Brandu%2Blangsung%2Bpeternak%2Bmurah%2B3.jpg,,,,,https://1.bp.blogspot.com/-zFs565CpeCc/X_wxyomupKI/AAAAAAAAADw/oVo-FSO-z30c72sf5pL7BiS1toHOHDAeACLcBGAsYHQ/s700/jual%2Bkambing%2Bjawa%2Brandu%2Blangsung%2Bpeternak%2Bmurah%2B3.jpg,,Uncategorized,,publish,1,admin,test@test.com,,,kambing-qurban-gresik,,default,0,0,0,closed,closed,2022-06-02
